<?xml version="1.0" encoding="UTF-8"?>
<types>
    <settings>
        <add_resized_images_to_library>0</add_resized_images_to_library>
        <register_translations_on_import>1</register_translations_on_import>
        <images_remote>0</images_remote>
        <images_remote_cache_time>36</images_remote_cache_time>
        <help_box>by_types</help_box>
        <hide_standard_custom_fields_metabox>show</hide_standard_custom_fields_metabox>
        <postmeta_unfiltered_html>on</postmeta_unfiltered_html>
        <usermeta_unfiltered_html>on</usermeta_unfiltered_html>
    </settings>
    <types>
        <type>
            <icon>info</icon>
            <labels>
                <name>Did you knows</name>
                <singular_name>Did you know</singular_name>
                <add_new>Add New</add_new>
                <add_new_item>Add New %s</add_new_item>
                <edit_item>Edit %s</edit_item>
                <new_item>New %s</new_item>
                <view_item>View %s</view_item>
                <search_items>Search %s</search_items>
                <not_found>No %s found</not_found>
                <not_found_in_trash>No %s found in Trash</not_found_in_trash>
                <parent_item_colon>Parent text</parent_item_colon>
                <all_items>All items</all_items>
                <enter_title_here>Enter title here</enter_title_here>
            </labels>
            <slug>did-you-know</slug>
            <editor>classic</editor>
            <description></description>
            <public>public</public>
            <menu_position></menu_position>
            <supports>
                <title>1</title>
                <thumbnail>1</thumbnail>
            </supports>
            <rewrite>
                <enabled>1</enabled>
                <custom>normal</custom>
                <slug></slug>
                <with_front>1</with_front>
                <feeds>1</feeds>
                <pages>1</pages>
            </rewrite>
            <has_archive>1</has_archive>
            <has_archive_slug></has_archive_slug>
            <show_in_menu>1</show_in_menu>
            <show_in_menu_page></show_in_menu_page>
            <show_ui>1</show_ui>
            <publicly_queryable>1</publicly_queryable>
            <can_export>1</can_export>
            <show_in_nav_menus>1</show_in_nav_menus>
            <query_var_enabled>1</query_var_enabled>
            <query_var></query_var>
            <permalink_epmask>EP_PERMALINK</permalink_epmask>
            <rest_base></rest_base>
            <wpcf-post-type></wpcf-post-type>
            <_builtin></_builtin>
            <_toolset_edit_last>1569267492</_toolset_edit_last>
            <_wpcf_author_id>1</_wpcf_author_id>
            <is_repeating_field_group></is_repeating_field_group>
            <is_intermediary_post_type></is_intermediary_post_type>
            <id>did-you-know</id>
            <__types_id>did-you-know</__types_id>
            <__types_title>Did you knows</__types_title>
            <hash>5ffbae8acbd8d2130fa25aa3a0053427</hash>
            <checksum>5ffbae8acbd8d2130fa25aa3a0053427</checksum>
        </type>
    </types>
</types>